License Number,License Type,License Type Code,License Status,License Status Code,Issued Date,Effective Date,Expiration Date,Application Number,Entity Name,Address Line 1,Address Line 2,City,State,Zip Code,County,Region,Business Website,Operational Status,Business Purpose,Tier Type,Processor Type,Primary Contact Name,Email
OCM-MICR-25-000296,Adult-Use Microbusiness License,OCMMICR,Active,LICACT,9/11/2025 0:00,9/11/2025 0:00,9/11/2027 0:00,OCMMICR-2023-000446,TW of NY Retail LLC,39-49 Allen Blvd,,Farmingdale,NY,11735,Suffolk,Long Island,,Non-Operational,"Adult-Use Cultivation, Adult-Use Processing, Adult-Use Distribution, Adult-Use Retail Sales",MICROBUS_INDOOR,"Extraction; Infusing and Blending; and Packaging, Labeling and Branding",Brandon Pollock,brandon@theorywellness.org
OCM-MICR-25-000295,Adult-Use Microbusiness License,OCMMICR,Active,LICACT,9/8/2025 0:00,9/8/2025 0:00,9/8/2027 0:00,OCMMICR-2023-000257,"Opulent Oasis, LLC",135 Walling Rd,,Warwick,NY,10990,Orange,Mid-Hudson,,Non-Operational,"Adult-Use Cultivation, Adult-Use Processing, Adult-Use Distribution, Adult-Use Retail Sales",MICROBUS_INDOOR,"Infusing and Blending; and Packaging, Labeling and Branding",Randie Paterno,info@randiepaternolaw.com
OCM-PROC-25-000309,Adult-Use Processor License,OCMPROC2,Active,LICACT,8/26/2025 0:00,8/26/2025 0:00,8/26/2027 0:00,OCMPROC2-2024-000005,NY Cannabis Source L.L.C.,,,,,,Orange,Mid-Hudson,urbanxtracts.com,Non-Operational,Adult-Use Processing,,"Extraction; Infusing and Blending; and Packaging, Labeling and Branding",Eran Sherin,eran@nyhempsource.com
OCM-PROC-25-000308,Adult-Use Processor License,OCMPROC,Active,LICACT,8/6/2025 0:00,8/6/2025 0:00,8/6/2027 0:00,OCMPROC-2023-000369,Empire Hemp Co.,,,,,,Genesee,Finger Lakes,www.empirehempco.com,Non-Operational,Adult-Use Processing,,"Extraction; Infusing and Blending; and Packaging, Labeling and Branding",Christopher VanDusen,chris@empirehempco.com
OCM-PROC-25-000307,Adult-Use Processor License,OCMPROC,Active,LICACT,8/5/2025 0:00,8/5/2025 0:00,8/5/2027 0:00,OCMPROC-2023-000522,"Emplantx, Inc.",,,,,,Steuben,Southern Tier,www.emplantx.com,Active,Adult-Use Processing,,"Infusing and Blending; and Packaging, Labeling and Branding",Joseph Calderone,joseph.calderone@gmail.com
OCM-MICR-25-000290,Adult-Use Microbusiness License,OCMMICR,Active,LICACT,8/4/2025 0:00,8/4/2025 0:00,8/4/2027 0:00,OCMMICR-2023-000530,"Hidden City Farms, LLC",,,,,,Westchester,Mid-Hudson,,Non-Operational,"Adult-Use Cultivation, Adult-Use Processing",MICROBUS_MIXED,"Extraction; Infusing and Blending; and Packaging, Labeling and Branding",Micci Weiss,micci@mjweisslaw.com
OCM-MICR-25-000288,Adult-Use Microbusiness License,OCMMICR,Active,LICACT,7/28/2025 0:00,7/28/2025 0:00,7/28/2027 0:00,OCMMICR-2023-000098,Christopher D Casacci,,,,,,Erie,Western NY,,Non-Operational,"Adult-Use Cultivation, Adult-Use Processing, Adult-Use Distribution",MICROBUS_MIXED,Type 1 - Extracting,Christopher Casacci,chris.casacci@gmail.com
OCM-PROC-25-000303,Adult-Use Processor License,OCMPROC,Active,LICACT,7/28/2025 0:00,7/28/2025 0:00,7/28/2027 0:00,OCMPROC-2023-000419,Miss Perry Farms Processing Inc.,,,,,,Oneida,Mohawk Valley,,Active,Adult-Use Processing,,"Infusing and Blending; and Packaging, Labeling and Branding",Maria Perry,maria@missperryfarms.com
OCM-MICR-25-000287,Adult-Use Microbusiness License,OCMMICR,Active,LICACT,7/25/2025 0:00,7/25/2025 0:00,7/25/2027 0:00,OCMMICR-2024-000008,Denice Davis LLC,,,,,,Schenectady,Capital District,,Non-Operational,"Adult-Use Cultivation, Adult-Use Processing, Adult-Use Distribution",MICROBUS_INDOOR,"Extraction; Infusing and Blending; and Packaging, Labeling and Branding",Denice Davis,denicedavisllc@gmail.com
OCM-MICR-25-000284,Adult-Use Microbusiness License,OCMMICR,Active,LICACT,7/10/2025 0:00,7/10/2025 0:00,7/10/2027 0:00,OCMMICR-2023-000309,Rosa International Realty LLC,28 Roland Pl,,Schenectady,NY,12304,Schenectady,Capital District,,Non-Operational,"Adult-Use Cultivation, Adult-Use Processing, Adult-Use Distribution, Adult-Use Retail Sales",MICROBUS_INDOOR,"Extraction; Infusing and Blending; and Packaging, Labeling and Branding",Gabriel Rosa,realtyprince@aol.com
OCM-MICR-25-000275,Adult-Use Microbusiness License,OCMMICR,Active,LICACT,6/30/2025 0:00,6/30/2025 0:00,6/30/2027 0:00,OCMMICR-2023-000769,Andrew J Pirozzolo,,,,,,Chemung,Southern Tier,,Non-Operational,"Adult-Use Cultivation, Adult-Use Distribution",MICROBUS_OUTDOOR,,Andrew Pirozzolo,andrewjoseph.1111a@gmail.com
OCM-MICR-25-000274,Adult-Use Microbusiness License,OCMMICR,Active,LICACT,6/30/2025 0:00,6/30/2025 0:00,6/30/2027 0:00,OCMMICR-2023-001322,A Walk in the Pines LLC,,,,,,Monroe,Finger Lakes,www.awalkinthepines.com,Non-Operational,"Adult-Use Cultivation, Adult-Use Processing, Adult-Use Distribution",MICROBUS_INDOOR,"Extraction; Infusing and Blending; and Packaging, Labeling and Branding",Michael Dulen,mike.dulen@awalkinthepines.com
OCM-MICR-25-000273,Adult-Use Microbusiness License,OCMMICR,Active,LICACT,6/30/2025 0:00,6/30/2025 0:00,6/30/2027 0:00,OCMMICR-2023-000232,Booksmart CC LLC,,,,,,Albany,Capital District,,Non-Operational,"Adult-Use Cultivation, Adult-Use Processing, Adult-Use Distribution",MICROBUS_MIXED,"Extraction; Infusing and Blending; and Packaging, Labeling and Branding",Paul Booker,BookSmartShops@gmail.com
OCM-PROC-25-000299,Adult-Use Processor License,OCMPROC,Active,LICACT,6/27/2025 0:00,6/27/2025 0:00,6/27/2027 0:00,OCMPROC-2023-000008,Kluglino LLC,,,,,,Rockland,Mid-Hudson,,Active,Adult-Use Processing,,"Infusing and Blending; and Packaging, Labeling and Branding",Dov Seewald ,tvc@tobacco.law
OCM-MICR-25-000272,Adult-Use Microbusiness License,OCMMICR,Active,LICACT,6/23/2025 0:00,6/23/2025 0:00,6/23/2027 0:00,OCMMICR-2023-000308,alpine agronomy LLC,245 Broadway,,Saranac Lake,NY,12983,Franklin,North Country,,Non-Operational,"Adult-Use Cultivation, Adult-Use Processing, Adult-Use Distribution, Adult-Use Retail Sales",MICROBUS_INDOOR,"Extraction; Infusing and Blending; and Packaging, Labeling and Branding",Chase Schuyler ,alpine.agronomyadk@gmail.com
OCM-PROC-25-000298,Adult-Use Processor License,OCMPROC,Active,LICACT,6/12/2025 0:00,6/12/2025 0:00,6/12/2027 0:00,OCMPROC-2024-000046,Eaton Processing LLC,,,,,,Madison,Central NY,www.eatonbotanicals.com,Non-Operational,Adult-Use Processing,,"Extraction; Infusing and Blending; and Packaging, Labeling and Branding",Daniel Dolgin,daniel.dolgin@gmail.com
OCM-MICR-25-000270,Adult-Use Microbusiness License,OCMMICR,Active,LICACT,6/9/2025 0:00,6/9/2025 0:00,6/9/2027 0:00,OCMMICR-2023-000282,Lazy Day Farm LLC,,,,,,Greene,Capital District,www.lazydayfarmer.com,Active,"Adult-Use Cultivation, Adult-Use Processing, Adult-Use Distribution",MICROBUS_OUTDOOR,Type 1 - Extracting,Kiley Thompson,kiley@lazydayfarmer.com
OCM-PROC-25-000297,Adult-Use Processor License,OCMPROC,Active,LICACT,6/2/2025 0:00,6/2/2025 0:00,6/2/2027 0:00,OCMPROC-2023-000444,Night Owl Farm LLC,,,,,,Tompkins,Southern Tier,,Active,Adult-Use Processing,,"Extraction; Infusing and Blending; and Packaging, Labeling and Branding",James Gaffney,nightowlfarmllc@gmail.com
OCM-MICR-25-000268,Adult-Use Microbusiness License,OCMMICR,Active,LICACT,5/23/2025 0:00,5/23/2025 0:00,5/23/2027 0:00,OCMMICR-2023-000317,IQ CANNABIS-KHUYAY CORP.,,,,,,Tompkins,Southern Tier,,Non-Operational,"Adult-Use Cultivation, Adult-Use Processing, Adult-Use Distribution",MICROBUS_COMBINATION,"Extraction; Infusing and Blending; and Packaging, Labeling and Branding",Daysi Briones,iqcontracting@gmail.com
OCM-MICR-25-000261,Adult-Use Microbusiness License,OCMMICR,Active,LICACT,5/21/2025 0:00,5/21/2025 0:00,5/21/2027 0:00,OCMMICR-2023-000568,TRACEY'S CANDY SHOP LLC,10640 Guy R Brewer Blvd,,Jamaica,NY,11433,Queens,Queens,,Non-Operational,"Adult-Use Cultivation, Adult-Use Distribution, Adult-Use Retail Sales",MICROBUS_COMBINATION,,Tracey Worthen ,tracey@goldlinetaxservice.com
OCM-PROC-25-000292,Adult-Use Processor License,OCMPROC,Active,LICACT,5/15/2025 0:00,5/15/2025 0:00,5/15/2027 0:00,OCMPROC-2024-000024,"Triple HHH Farm, LLC",,,,,,Schenectady,Capital District,farmtripleh.com,Active,Adult-Use Processing,,Type 2 - Infusing and Blending,Matthew Meola,mattiefishes@gmail.com
OCM-MICR-25-000259,Adult-Use Microbusiness License,OCMMICR,Active,LICACT,5/13/2025 0:00,5/13/2025 0:00,5/13/2027 0:00,OCMMICR-2023-000613,LK Wellness LLC,470 Baltic St,,Brooklyn,NY,11217,Kings,Brooklyn,,Non-Operational,"Adult-Use Cultivation, Adult-Use Processing, Adult-Use Distribution, Adult-Use Retail Sales",MICROBUS_INDOOR,"Extraction; Infusing and Blending; and Packaging, Labeling and Branding",Lyudmila Krupitsky,lkrupitsky@hotmail.com
OCM-PROC-25-000289,Adult-Use Processor License,OCMPROC,Active,LICACT,5/5/2025 0:00,5/5/2025 0:00,5/5/2027 0:00,OCMPROC-2023-000154,SHOKi Beverages Corp.,,,,,,Chemung,Southern Tier,,Non-Operational,Adult-Use Processing,,Type 2 - Infusing and Blending,Tiffany Yarde,info@tribeshoki.com
OCM-MICR-25-000252,Adult-Use Microbusiness License,OCMMICR,Active,LICACT,4/30/2025 0:00,4/30/2025 0:00,4/30/2027 0:00,OCMMICR-2023-000372,Cubed Roots LLC,4870 Duguid Rd,,Manlius,NY,13104,Onondaga,Central NY,,Non-Operational,"Adult-Use Cultivation, Adult-Use Processing, Adult-Use Distribution, Adult-Use Retail Sales",MICROBUS_OUTDOOR,Type 1 - Extracting,Chris Starowicz,cubedrootsus@gmail.com
OCM-MICR-25-000251,Adult-Use Microbusiness License,OCMMICR,Active,LICACT,4/30/2025 0:00,4/30/2025 0:00,4/30/2027 0:00,OCMMICR-2023-000405,High Rhino Solutions L.L.C.,,,,,,Albany,Capital District,highrhinosolutions.com,Non-Operational,"Adult-Use Cultivation, Adult-Use Processing, Adult-Use Distribution",MICROBUS_INDOOR,"Infusing and Blending; and Packaging, Labeling and Branding",Maelisa Rivera ,highrhinosolutions@gmail.com
OCM-MICR-25-000254,Adult-Use Microbusiness License,OCMMICR,Active,LICACT,4/30/2025 0:00,4/30/2025 0:00,4/30/2027 0:00,OCMMICR-2023-000135,Milk Burger INC,148 Bruckner Blvd,,Bronx,NY,10454,Bronx,Bronx,,Non-Operational,"Adult-Use Cultivation, Adult-Use Retail Sales",MICROBUS_INDOOR,,Erik Mayor,erik@milkburger.com
OCM-MICR-25-000250,Adult-Use Microbusiness License,OCMMICR,Active,LICACT,4/25/2025 0:00,4/25/2025 0:00,4/25/2027 0:00,OCMMICR-2023-000157,"Blue Mountain Growers, LLC",,,,,,Ulster,Mid-Hudson,www.bluemountaingrowers.com,Non-Operational,"Adult-Use Cultivation, Adult-Use Processing, Adult-Use Distribution",MICROBUS_OUTDOOR,Type 1 - Extracting,Gary Myer,bluemountaingrowersny@gmail.com
OCM-MICR-25-000248,Adult-Use Microbusiness License,OCMMICR,Active,LICACT,4/25/2025 0:00,4/25/2025 0:00,4/25/2027 0:00,OCMMICR-2023-000122,Innocence Cannabis LLC,,,,,,Niagara,Western NY,www.innocence.buzz,Non-Operational,"Adult-Use Cultivation, Adult-Use Processing, Adult-Use Distribution",MICROBUS_INDOOR,Type 1 - Extracting,Thomas Szulist,tom@singerfarmnaturals.com
OCM-PROC-25-000283,Adult-Use Processor License,OCMPROC,Active,LICACT,4/23/2025 0:00,4/23/2025 0:00,4/23/2027 0:00,OCMPROC-2023-000308,NorthEast Extracts LLC,,,,,,Yates,Finger Lakes,NorthEast-Extracts.com,Non-Operational,Adult-Use Processing,,Type 1 - Extracting,Eric Lundquist,eric@northeast-extracts.com
OCM-PROC-25-000280,Adult-Use Processor License,OCMPROC,Active,LICACT,4/10/2025 0:00,4/10/2025 0:00,4/10/2027 0:00,OCMPROC-2024-000045,"County Line Ventures, LLC",,,,,,Columbia,Capital District,,Non-Operational,Adult-Use Processing,,"Extraction; Infusing and Blending; and Packaging, Labeling and Branding",Charles Colaruotolo,cmfarmgrhs@yahoo.com
OCM-PROC-25-000278,Adult-Use Processor License,OCMPROC,Active,LICACT,3/31/2025 0:00,3/31/2025 0:00,3/31/2027 0:00,OCMPROC-2023-000517,"Leaf Lab NYC, LLC",,,,,,Westchester,Mid-Hudson,www.leaflabnyc.org,Non-Operational,Adult-Use Processing,,Type 2 - Infusing and Blending,Kedmiel Hendrix,contactus@leaflabnyc.org
OCM-MICR-25-000238,Adult-Use Microbusiness License,OCMMICR,Active,LICACT,3/25/2025 0:00,3/25/2025 0:00,3/25/2027 0:00,OCMMICR-2023-000052,DAISEYS LLC,,,,,,Dutchess,Mid-Hudson,,Non-Operational,"Adult-Use Cultivation, Adult-Use Distribution",MICROBUS_OUTDOOR,,Thomas Minotti,tom@minottilaw.com
OCM-MICR-25-000234,Adult-Use Microbusiness License,OCMMICR,Active,LICACT,3/24/2025 0:00,3/24/2025 0:00,3/24/2027 0:00,OCMMICR-2023-000123,Battenkilll Buds LLC,,,,,,Washington,Capital District,battenkillbuds.com,Non-Operational,"Adult-Use Cultivation, Adult-Use Processing, Adult-Use Distribution",MICROBUS_INDOOR,"Extraction; Infusing and Blending; and Packaging, Labeling and Branding",Derek Mann,battenkillbuds@gmail.com
OCM-MICR-25-000237,Adult-Use Microbusiness License,OCMMICR,Active,LICACT,3/24/2025 0:00,3/24/2025 0:00,3/24/2027 0:00,OCMMICR-2023-000390,"Upstate New York Cannabis and Clone Company, LLC",75 King Rd,,Buskirk,NY,12028,Washington,Capital District,,Non-Operational,"Adult-Use Cultivation, Adult-Use Processing, Adult-Use Distribution, Adult-Use Retail Sales",MICROBUS_OUTDOOR,Type 1 - Extracting,Johnnie Hatfield,sales@upstateclones.com
OCM-MICR-25-000232,Adult-Use Microbusiness License,OCMMICR,Active,LICACT,3/24/2025 0:00,3/24/2025 0:00,3/24/2027 0:00,OCMMICR-2023-000463,Utopia Flowers LLC,,,,,,Suffolk,Long Island,,Non-Operational,"Adult-Use Cultivation, Adult-Use Processing, Adult-Use Distribution",MICROBUS_INDOOR,"Extraction; Infusing and Blending; and Packaging, Labeling and Branding",John Roberti,jmroberti@comcast.net
OCM-MICR-25-000227,Adult-Use Microbusiness License,OCMMICR,Active,LICACT,2/19/2025 0:00,2/19/2025 0:00,2/19/2027 0:00,OCMMICR-2023-000545,Cannurban NY LLC,,,,,,Cortland,Central NY,,Non-Operational,"Adult-Use Cultivation, Adult-Use Processing, Adult-Use Distribution",MICROBUS_INDOOR,"Extraction; Infusing and Blending; and Packaging, Labeling and Branding",Scheril Murray Powell,smpesquire@outlook.com
OCM-MICR-25-000229,Adult-Use Microbusiness License,OCMMICR,Active,LICACT,2/19/2025 0:00,2/19/2025 0:00,2/19/2027 0:00,OCMMICR-2023-000332,Magical Weeds LLC,,,,,,Ontario,Finger Lakes,magicalweeds.com,Non-Operational,"Adult-Use Cultivation, Adult-Use Processing, Adult-Use Distribution",MICROBUS_OUTDOOR,Type 2 - Infusing and Blending,Cortni Stahl,magicalweedsny@gmail.com
OCM-PROC-25-000258,Adult-Use Processor License,OCMPROC2,Active,LICACT,2/18/2025 0:00,2/18/2025 0:00,2/18/2027 0:00,OCMPROC2-2024-000004,Roxanne Burford,,,,,,Broome,Southern Tier,,Non-Operational,Adult-Use Processing,,Type 1 - Extracting,Roxanne Burford,rforster@alltel.net
OCM-MICR-25-000223,Adult-Use Microbusiness License,OCMMICR,Active,LICACT,2/16/2025 0:00,2/16/2025 0:00,2/16/2027 0:00,OCMMICR-2023-000129,Three Cord Ranch LLC,,,,,,Rockland,Mid-Hudson,,Non-Operational,"Adult-Use Cultivation, Adult-Use Processing, Adult-Use Distribution",MICROBUS_OUTDOOR,Type 1 - Extracting,Todd Giolando,tdgiolando@gmail.com
OCM-PROC-25-000243,Adult-Use Processor License,OCMPROC,Active,LICACT,1/6/2025 0:00,1/6/2025 0:00,1/6/2027 0:00,OCMPROC-2024-000038,"Rec Roots, LLC",,,,,,Chemung,Southern Tier,www.recreationalroots.com,Active,Adult-Use Processing,,"Extraction; Infusing and Blending; and Packaging, Labeling and Branding",Brian Batrowny,info@recrootsny.com
OCM-MICR-24-000216,Adult-Use Microbusiness License,OCMMICR,Active,LICACT,12/23/2024 0:00,12/23/2024 0:00,12/23/2026 0:00,OCMMICR-2023-000574,STONED IN BROOKLYN INC,2600 Flatbush Ave,,Brooklyn,NY,11234,Kings,Brooklyn,,Non-Operational,"Adult-Use Cultivation, Adult-Use Processing, Adult-Use Distribution, Adult-Use Retail Sales",MICROBUS_INDOOR,"Extraction; Infusing and Blending; and Packaging, Labeling and Branding",Jason Lewis,Jasonny112@gmail.com
OCM-PROC-24-000237,Adult-Use Processor License,OCMPROC,Active,LICACT,12/18/2024 0:00,12/18/2024 0:00,12/18/2026 0:00,OCMPROC-2024-000037,HPI CULTIVATION INC.,,,,,,Westchester,Mid-Hudson,www.hpicanna.com,Active,Adult-Use Processing,,Type 1 - Extracting,Kimberly Tanami,k.tanami@hpifarma.com
OCM-PROC-24-000223,Adult-Use Processor License,OCMPROC,Active,LICACT,12/10/2024 0:00,12/10/2024 0:00,12/10/2026 0:00,OCMPROC-2023-000070,"Empire Extracting & Processing, LLC",,,,,,Nassau,Long Island,,Active,Adult-Use Processing,,"Infusing and Blending; and Packaging, Labeling and Branding",Sunish Suchdeve,ssuchdeve@aol.com
OCM-MICR-24-000207,Adult-Use Microbusiness License,OCMMICR,Active,LICACT,12/10/2024 0:00,12/10/2024 0:00,12/10/2026 0:00,OCMMICR-2023-000808,Morris Hemp LLC,,,,,,Erie,Western NY,,Non-Operational,"Adult-Use Cultivation, Adult-Use Processing, Adult-Use Distribution",MICROBUS_INDOOR,Type 2 - Infusing and Blending,Jeffrey Morris,Jeff.morris747@gmail.com
OCM-MICR-24-000208,Adult-Use Microbusiness License,OCMMICR,Active,LICACT,12/10/2024 0:00,12/10/2024 0:00,12/10/2026 0:00,OCMMICR-2024-000012,STARTIDE SUSTAINABILITY LLC,,,,,,Suffolk,Long Island,,Active,"Adult-Use Cultivation, Adult-Use Processing, Adult-Use Distribution",MICROBUS_MIXED,"Extraction; Infusing and Blending; and Packaging, Labeling and Branding",Taylor Bush,startidecompliance@gmail.com
OCM-MICR-24-000204,Adult-Use Microbusiness License,OCMMICR,Active,LICACT,12/3/2024 0:00,12/3/2024 0:00,12/3/2026 0:00,OCMMICR-2023-000421,PACHA PRODUCTS NY LLC,,,,,,Kings,Brooklyn,,Active,"Adult-Use Cultivation, Adult-Use Processing, Adult-Use Distribution",MICROBUS_INDOOR,Type 2 - Infusing and Blending,Heather Vega ,pachaproductsllc@gmail.com
OCM-MICR-24-000200,Adult-Use Microbusiness License,OCMMICR,Active,LICACT,11/26/2024 0:00,11/26/2024 0:00,11/26/2026 0:00,OCMMICR-2023-000456,"Living Proof, LLC",,,,,,Bronx,Bronx,alivingproof.com,Active,"Adult-Use Cultivation, Adult-Use Processing, Adult-Use Distribution",MICROBUS_COMBINATION,Type 1 - Extracting,Mujahid Washington,washington@alivingproof.com
OCM-PROC-24-000210,Adult-Use Processor License,OCMPROC,Active,LICACT,11/18/2024 0:00,11/18/2024 0:00,11/18/2026 0:00,OCMPROC-2023-000162,Hempire Farms LLC,,,,,,Broome,Southern Tier,,Active,Adult-Use Processing,,"Extraction; Infusing and Blending; and Packaging, Labeling and Branding",Jorden Seamans,jorden@nep.net
OCM-PROC-24-000208,Adult-Use Processor License,OCMPROC,Active,LICACT,11/18/2024 0:00,11/18/2024 0:00,11/18/2026 0:00,OCMPROC-2023-000274,"Hudson Valley Hemp Company, LLC",,,,,,Queens,Queens,www.hudsoncannabis.co,Active,Adult-Use Processing,,"Infusing and Blending; and Packaging, Labeling and Branding",Lucas Seymour,lucas@hudsoncannabis.co
OCM-MICR-24-000189,Adult-Use Microbusiness License,OCMMICR,Active,LICACT,11/15/2024 0:00,11/15/2024 0:00,11/15/2026 0:00,OCMMICR-2023-000480,Benny's Joint,2772 Ellison Rd,,Watkins Glen,NY,14891,Schuyler,Southern Tier,,Non-Operational,"Adult-Use Cultivation, Adult-Use Processing, Adult-Use Distribution, Adult-Use Retail Sales",MICROBUS_MIXED,"Extraction; Infusing and Blending; and Packaging, Labeling and Branding",Aisha Ricca ,pricca@verizon.net
OCM-MICR-24-000196,Adult-Use Microbusiness License,OCMMICR,Active,LICACT,11/15/2024 0:00,11/15/2024 0:00,11/15/2026 0:00,OCMMICR-2023-000130,BLAZIN RED HORSE LLC,,,,,,Erie,Western NY,,Active,"Adult-Use Cultivation, Adult-Use Processing, Adult-Use Distribution",MICROBUS_INDOOR,"Infusing and Blending; and Packaging, Labeling and Branding",Dominic Zicari ,dominic.zicari@msn.com
OCM-MICR-24-000186,Adult-Use Microbusiness License,OCMMICR,Active,LICACT,11/15/2024 0:00,11/15/2024 0:00,11/15/2026 0:00,OCMMICR-2023-000624,Green Klub Inc.,,,,,,New York,Manhattan,,Active,Adult-Use Cultivation,MICROBUS_INDOOR,Type 1 - Extracting,Angelo La Roche,angelo@greenklubnyc.com
OCM-PROC-24-000201,Adult-Use Processor License,OCMPROC,Active,LICACT,11/14/2024 0:00,11/14/2024 0:00,11/14/2026 0:00,OCMPROC-2024-000028,Highland Goat LLC,,,,,,Dutchess,Mid-Hudson,www.highlandgoat.com,Active,Adult-Use Processing,,"Extraction; Infusing and Blending; and Packaging, Labeling and Branding",Laurel Mason,laurel@highlandgoat.com
OCM-MICR-24-000180,Adult-Use Microbusiness License,OCMMICR,Active,LICACT,10/23/2024 0:00,10/23/2024 0:00,10/23/2026 0:00,OCMMICR-2023-000587,LMW Distro LLC,,,,,,Suffolk,Long Island,,Active,"Adult-Use Cultivation, Adult-Use Processing, Adult-Use Distribution",MICROBUS_COMBINATION,Type 1 - Extracting,Robert Yeganeh,robertyeganeh@aol.com
OCM-PROC-24-000163,Adult-Use Processor License,OCMPROC,Active,LICACT,10/18/2024 0:00,10/18/2024 0:00,10/18/2026 0:00,OCMPROC-2023-000088,"Green Street Edibles, Inc.",,,,,,Erie,Western NY,www.greenstreetedibles.com,Active,Adult-Use Processing,,"Infusing and Blending; and Packaging, Labeling and Branding",Benjamin Briskey,bbriskey@att.net
OCM-PROC-24-000158,Adult-Use Processor License,OCMPROC,Active,LICACT,10/18/2024 0:00,10/18/2024 0:00,10/18/2026 0:00,OCMPROC-2023-000144,Susquehanna Spirit LLC,,,,,,Otsego,Mohawk Valley,www.susquehannaspirit.com,Active,Adult-Use Processing,,Type 1 - Extracting,Bradley Tillbrooks,info@susquehannaspirit.com
OCM-PROC-24-000141,Adult-Use Processor License,OCMPROC,Active,LICACT,10/16/2024 0:00,10/16/2024 0:00,10/16/2026 0:00,OCMPROC-2024-000010,"One Hemp, LLC",,,,,,Niagara,Western NY,www.onehempholistics.com,Active,Adult-Use Processing,,Type 1 - Extracting,Kari Bullman,karibullman@gmail.com
OCM-PROC-24-000133,Adult-Use Processor License,OCMPROC,Active,LICACT,10/15/2024 0:00,10/15/2024 0:00,10/15/2026 0:00,OCMPROC-2023-000048,H Valley Inc,,,,,,Ulster,Mid-Hudson,www.hudsonvalleyherbals.com,Active,Adult-Use Processing,,"Extraction; Infusing and Blending; and Packaging, Labeling and Branding",Moranda Bromberg,info@hudsonvalleyherbals.com
OCM-PROC-24-000131,Adult-Use Processor License,OCMPROC,Active,LICACT,10/15/2024 0:00,10/15/2024 0:00,10/15/2026 0:00,OCMPROC-2023-000009,Line By Line LLC,,,,,,Erie,Western NY,www.plumeriabath.com,Active,Adult-Use Processing,,Type 1 - Extracting,Cindy Inman,plumcustomer@plumeriabath.com
OCM-PROC-24-000140,Adult-Use Processor License,OCMPROC,Active,LICACT,10/15/2024 0:00,10/15/2024 0:00,10/15/2026 0:00,OCMPROC-2023-000051,"Nice Up, Inc.",,,,,,Kings,Brooklyn,,Active,Adult-Use Processing,,Type 1 - Extracting,Anthony Walker,walkerkitchensbk@gmail.com
OCM-MICR-24-000173,Adult-Use Microbusiness License,OCMMICR,Active,LICACT,10/15/2024 0:00,10/15/2024 0:00,10/15/2026 0:00,OCMMICR-2023-000540,WURMZ LLC,3709 36th Ave,,Long Island City,NY,11101,Queens,Queens,,Non-Operational,"Adult-Use Cultivation, Adult-Use Processing, Adult-Use Distribution, Adult-Use Retail Sales",MICROBUS_INDOOR,Type 1 - Extracting,Jeffrey Moskovic,info@wurmzcannabis.com
OCM-MICR-24-000170,Adult-Use Microbusiness License,OCMMICR,Active,LICACT,10/9/2024 0:00,10/9/2024 0:00,10/9/2026 0:00,OCMMICR-2023-000493,Four Reds LLC,,,,,,Ulster,Mid-Hudson,,Active,"Adult-Use Cultivation, Adult-Use Processing, Adult-Use Distribution",MICROBUS_COMBINATION,Type 1 - Extracting,Kristian Karl,kkarl@optonline.net
OCM-PROC-24-000113,Adult-Use Processor License,OCMPROC,Active,LICACT,9/17/2024 0:00,9/17/2024 0:00,9/17/2026 0:00,OCMPROC-2023-000483,"CAKBCC NY, LLC",,,,,,Allegany,Western NY,,Active,Adult-Use Processing,,Type 2 - Infusing and Blending,Corey Keller,bonanzacannabisny@gmail.com
OCM-PROC-24-000095,Adult-Use Processor License,OCMPROC,Active,LICACT,9/12/2024 0:00,9/12/2024 0:00,9/12/2026 0:00,OCMPROC-2023-000390,Capital Region Co. INC,,,,,,Warren,Capital District,,Active,Adult-Use Processing,,Type 2 - Infusing and Blending,Brianne Mason,info@capitalregionco.com
OCM-MICR-24-000157,Adult-Use Microbusiness License,OCMMICR,Active,LICACT,9/12/2024 0:00,9/12/2024 0:00,9/12/2026 0:00,OCMMICR-2023-000738,Hipcrop LLC,,,,,,Tompkins,Southern Tier,,Active,"Adult-Use Cultivation, Adult-Use Processing, Adult-Use Distribution",MICROBUS_OUTDOOR,Type 1 - Extracting,Mary Strassheim,HipcropNY@gmail.com
OCM-PROC-24-000097,Adult-Use Processor License,OCMPROC,Active,LICACT,9/12/2024 0:00,9/12/2024 0:00,9/12/2026 0:00,OCMPROC-2023-000297,"NWC NY 9, LLC",,,,,,Suffolk,Long Island,wyldcanna.com,Active,Adult-Use Processing,,"Infusing and Blending; and Packaging, Labeling and Branding",Gabe Parton Lee,gabe@nwconfections.com
OCM-MICR-24-000159,Adult-Use Microbusiness License,OCMMICR,Active,LICACT,9/12/2024 0:00,9/12/2024 0:00,9/12/2026 0:00,OCMMICR-2023-000473,Pleasant View Harvest llc,,,,,,Putnam,Mid-Hudson,www.pvf.farm,Active,"Adult-Use Cultivation, Adult-Use Processing, Adult-Use Distribution",MICROBUS_MIXED,Type 1 - Extracting,Ervin Raboy,pvfllc@gmail.com
OCM-MICR-24-000160,Adult-Use Microbusiness License,OCMMICR,Active,LICACT,9/12/2024 0:00,9/12/2024 0:00,9/12/2026 0:00,OCMMICR-2023-000338,Silver Fin Lodge Inc,17801 County Highway 17,,Roscoe,NY,12776,Sullivan,Mid-Hudson,,Non-Operational,"Adult-Use Cultivation, Adult-Use Processing, Adult-Use Distribution, Adult-Use Retail Sales",MICROBUS_COMBINATION,Type 1 - Extracting,Alexander Dimitrov,bgwine@gmail.com
OCM-MICR-24-000158,Adult-Use Microbusiness License,OCMMICR,Active,LICACT,9/12/2024 0:00,9/12/2024 0:00,9/12/2026 0:00,OCMMICR-2023-000784,"Smoking Duck, LLC",,,,,,Suffolk,Long Island,,Active,"Adult-Use Cultivation, Adult-Use Distribution",MICROBUS_OUTDOOR,Type 1 - Extracting,Jennifer Digney-Bihm,jlsbihm@optonline.net
OCM-PROC-24-000103,Adult-Use Processor License,OCMPROC,Active,LICACT,9/12/2024 0:00,9/12/2024 0:00,9/12/2026 0:00,OCMPROC-2023-000134,Snowbelt Gardens LLC,,,,,,Chautauqua,Western NY,https://www.snowbeltcannabis.com/,Active,Adult-Use Processing,,Type 1 - Extracting,Ashley Baron,snowbeltgardens@gmail.com
OCM-MICR-24-000162,Adult-Use Microbusiness License,OCMMICR,Active,LICACT,9/12/2024 0:00,9/12/2024 0:00,9/12/2026 0:00,OCMMICR-2023-000292,The Releaf Market LLC,,,,,,Chautauqua,Western NY,,Active,"Adult-Use Cultivation, Adult-Use Processing",MICROBUS_COMBINATION,Type 1 - Extracting,Kerry Trammel,info@thereleafmarket.com
OCM-MICR-24-000151,Adult-Use Microbusiness License,OCMMICR,Active,LICACT,9/11/2024 0:00,9/11/2024 0:00,9/11/2026 0:00,OCMMICR-2023-000449,Kaaterskill Cannabis LLC,,,,,,Ulster,Mid-Hudson,kaaterskillcanna.com,Active,"Adult-Use Cultivation, Adult-Use Processing, Adult-Use Distribution",MICROBUS_OUTDOOR,Type 1 - Extracting,Wyatt Garratt,wyattkurt8@gmail.com
OCM-PROC-24-000087,Adult-Use Processor License,OCMPROC,Active,LICACT,8/19/2024 0:00,8/19/2024 0:00,8/19/2026 0:00,OCMPROC-2023-000106,Catskill Food Company LLC,,,,,,Delaware,Southern Tier,catskillfoodcompany.com,Active,Adult-Use Processing,,Type 2 - Infusing and Blending,Jonah Shaw,info@catskillfoodcompany.com
OCM-MICR-24-000143,Adult-Use Microbusiness License,OCMMICR,Active,LICACT,8/12/2024 0:00,8/12/2024 0:00,8/12/2026 0:00,OCMMICR-2023-000213,Taliaferro Farm Store LLC,7536 N Broadway,,Red Hook,NY,12571,Dutchess,Mid-Hudson,,Non-Operational,"Adult-Use Cultivation, Adult-Use Processing, Adult-Use Distribution, Adult-Use Retail Sales",MICROBUS_MIXED,Type 1 - Extracting,Erin Moylan,taliaferrofarms@gmail.com
OCM-MICR-24-000122,Adult-Use Microbusiness License,OCMMICR,Active,LICACT,7/15/2024 0:00,7/15/2024 0:00,7/15/2026 0:00,OCMMICR-2023-000399,Hudson Valley Cannabis Club LLC,,,,,,Orange,Mid-Hudson,www.HybridTheoryNY.com,Active,"Adult-Use Cultivation, Adult-Use Processing, Adult-Use Distribution",MICROBUS_INDOOR,Type 1 - Extracting,Michael Zayas,info@hybridtheoryny.com
OCM-MICR-24-000112,Adult-Use Microbusiness License,OCMMICR,Active,LICACT,7/12/2024 0:00,7/12/2024 0:00,7/12/2026 0:00,OCMMICR-2023-000934,Karker Hess and Davis LLC,,,,,,Montgomery,Mohawk Valley,,Active,"Adult-Use Cultivation, Adult-Use Processing, Adult-Use Distribution",MICROBUS_INDOOR,Type 2 - Infusing and Blending,Jacob Karker,karkerhessanddavisllc@gmail.com
OCM-PROC-24-000055,Adult-Use Processor License,OCMPROC,Active,LICACT,6/28/2024 0:00,6/28/2024 0:00,6/28/2026 0:00,OCMPROC-2023-000129,pioneer plant tech,,,,,,Oneida,Mohawk Valley,,Active,Adult-Use Processing,,Type 1 - Extracting,James Knuth ,james95.knuth@gmail.com
OCM-MICR-24-000105,Adult-Use Microbusiness License,OCMMICR,Active,LICACT,6/21/2024 0:00,6/21/2024 0:00,6/21/2026 0:00,OCMMICR-2023-000114,Nautical Blaze LLC,2079 Leicester Rd,,Leicester,NY,14481,Livingston,Finger Lakes,,Non-Operational,"Adult-Use Cultivation, Adult-Use Processing, Adult-Use Distribution, Adult-Use Retail Sales",MICROBUS_INDOOR,Type 1 - Extracting,Jeremy Cobin ,jeremy@nauticalblaze.com
OCM-PROC-24-000047,Adult-Use Processor License,OCMPROC,Active,LICACT,6/17/2024 0:00,6/17/2024 0:00,6/17/2026 0:00,OCMPROC-2023-000110,Omnium Health Inc.,,,,,,Suffolk,Long Island,www.omniumcanna.com,Active,Adult-Use Processing,,Type 1 - Extracting,Howard Hoffman ,support@omniumventures.com
OCM-MICR-24-000092,Adult-Use Microbusiness License,OCMMICR,Active,LICACT,6/14/2024 0:00,6/14/2024 0:00,6/14/2026 0:00,OCMMICR-2023-000546,Agricultural Development Services LLC,,,,,,Livingston,Finger Lakes,,Non-Operational,Adult-Use Cultivation,MICROBUS_OUTDOOR,Type 2 - Infusing and Blending,Christine Wildman,cwildman@agrinetix.com
OCM-MICR-24-000093,Adult-Use Microbusiness License,OCMMICR,Active,LICACT,6/14/2024 0:00,6/14/2024 0:00,6/14/2026 0:00,OCMMICR-2023-000512,Oak Queens LLC,,,,,,Ulster,Mid-Hudson,,Non-Operational,Adult-Use Cultivation,MICROBUS_OUTDOOR,Type 1 - Extracting,Jens Verhaegh,Deercreekcollective@gmail.com
OCM-MICR-24-000067,Adult-Use Microbusiness License,OCMMICR,Active,LICACT,5/29/2024 0:00,5/29/2024 0:00,5/29/2026 0:00,OCMMICR-2023-000198,Back To The Land Herbs llc,,,,,,St Lawrence,North Country,,Active,"Adult-Use Cultivation, Adult-Use Processing, Adult-Use Distribution",MICROBUS_INDOOR,"Extraction; Infusing and Blending; and Packaging, Labeling and Branding",Robert Washo,littlegrasse@gmail.com
OCM-PROC-24-000029,Adult-Use Processor License,OCMPROC,Active,LICACT,5/15/2024 0:00,5/15/2024 0:00,5/15/2026 0:00,OCMPROC-2023-000159,ReliefLeaf LLC,,,,,,Schenectady,Capital District,,Active,Adult-Use Processing,,Type 1 - Extracting,David Nesheiwat,dj.nesheiwat@gmail.com
OCM-PROC-24-000030,Adult-Use Processor License,OCMPROC,Active,LICACT,5/15/2024 0:00,5/15/2024 0:00,5/15/2026 0:00,OCMPROC-2023-000194,SJR Horticulture LLC,,,,,,Niagara,Western NY,,Active,Adult-Use Processing,,Type 1 - Extracting,Eric Steenstra,info@skyworldcannabis.com
OCM-MICR-24-000072,Adult-Use Microbusiness License,OCMMICR,Active,LICACT,5/13/2024 0:00,5/13/2024 0:00,5/13/2026 0:00,OCMMICR-2023-000532,Forest Flower LLC,,,,,,Ontario,Finger Lakes,,Active,"Adult-Use Cultivation, Adult-Use Processing, Adult-Use Distribution",MICROBUS_COMBINATION,Type 1 - Extracting,Cody Koch,info@forestflowercannabis.com
OCM-MICR-24-000074,Adult-Use Microbusiness License,OCMMICR,Active,LICACT,5/13/2024 0:00,5/13/2024 0:00,5/13/2026 0:00,OCMMICR-2023-000490,"Goldfinch Flora, LLC",2388 County Highway 107,,Amsterdam,NY,12010,Fulton,Mohawk Valley,,Non-Operational,"Adult-Use Cultivation, Adult-Use Processing, Adult-Use Distribution, Adult-Use Retail Sales",MICROBUS_COMBINATION,Type 1 - Extracting,Rosemary Fera,fera.rose@gmail.com
OCM-MICR-24-000062,Adult-Use Microbusiness License,OCMMICR,Active,LICACT,5/7/2024 0:00,5/7/2024 0:00,5/7/2026 0:00,OCMMICR-2023-000044,Muckland LLC,42 Garden Ln,,Pine Island,NY,10969,Orange,Mid-Hudson,www.mucklandcannabis.com,Non-Operational,"Adult-Use Cultivation, Adult-Use Processing, Adult-Use Distribution, Adult-Use Retail Sales",MICROBUS_INDOOR,"Extraction; Infusing and Blending; and Packaging, Labeling and Branding",Colleen Dougherty ,colleendougherty@mac.com
OCM-MICR-24-000060,Adult-Use Microbusiness License,OCMMICR,Active,LICACT,5/1/2024 0:00,5/1/2024 0:00,5/1/2026 0:00,OCMMICR-2023-000166,Pantheon Perspective LLC,2035 West Road,,Leyden,NY,13309,Lewis,North Country,,Non-Operational,"Adult-Use Cultivation, Adult-Use Processing, Adult-Use Distribution, Adult-Use Retail Sales",MICROBUS_MIXED,"Extraction; Infusing and Blending; and Packaging, Labeling and Branding",Tyme Ferris,tferris@ourpantheon.co
OCM-MICR-24-000059,Adult-Use Microbusiness License,OCMMICR,Active,LICACT,5/1/2024 0:00,5/1/2024 0:00,5/1/2026 0:00,OCMMICR-2023-000542,Sanctuary Gardens LLC,,,,,,Montgomery,Mohawk Valley,,Active,"Adult-Use Cultivation, Adult-Use Processing, Adult-Use Distribution",MICROBUS_INDOOR,Type 1 - Extracting,Joshua McNary,thesanctuarygardens@gmail.com
OCM-MICR-24-000053,Adult-Use Microbusiness License,OCMMICR,Active,LICACT,4/16/2024 0:00,4/16/2024 0:00,4/16/2026 0:00,OCMMICR-2023-000352,Amsterdam Farms LLC,,,,,,Schoharie,Mohawk Valley,,Active,"Adult-Use Cultivation, Adult-Use Processing, Adult-Use Distribution",MICROBUS_COMBINATION,Type 1 - Extracting,Alan Amsterdam,alan@capitolhemp.com
OCM-MICR-24-000050,Adult-Use Microbusiness License,OCMMICR,Active,LICACT,4/16/2024 0:00,4/16/2024 0:00,4/16/2026 0:00,OCMMICR-2023-000131,VJ Farms LLC,,,,,,Columbia,Capital District,,Active,"Adult-Use Cultivation, Adult-Use Processing, Adult-Use Distribution",MICROBUS_MIXED,Type 2 - Infusing and Blending,Benjamin Weiner,ben.weiner@valleyjane.com
OCM-MICR-24-000082,Adult-Use Microbusiness License,OCMMICR,Active,LICACT,4/12/2024 0:00,4/12/2024 0:00,4/12/2026 0:00,OCMMICR-2023-000184,BLACK PHEASANT FARM LLC,,,,,,Dutchess,Mid-Hudson,www.BPFarm.net,Active,"Adult-Use Cultivation, Adult-Use Processing, Adult-Use Distribution",MICROBUS_OUTDOOR,Type 1 - Extracting,Andrew Maggio,AndrewJMaggio@gmail.com
OCM-MICR-24-000069,Adult-Use Microbusiness License,OCMMICR,Active,LICACT,4/12/2024 0:00,4/12/2024 0:00,4/12/2026 0:00,OCMMICR-2023-000621,Greenleaf Cannabis LLC,356 W 40th St,,New York,NY,10018,New York,Manhattan,,Active,"Adult-Use Cultivation, Adult-Use Processing, Adult-Use Distribution, Adult-Use Retail Sales",MICROBUS_INDOOR,Type 1 - Extracting,Roland Joobeen,sales@greenleafnewyork.com
OCM-MICR-24-000080,Adult-Use Microbusiness License,OCMMICR,Active,LICACT,4/12/2024 0:00,4/12/2024 0:00,4/12/2026 0:00,OCMMICR-2023-000284,Mountain Growers LLC,,,,,,Columbia,Capital District,breyerscannabis.com,Active,"Adult-Use Cultivation, Adult-Use Processing, Adult-Use Distribution",MICROBUS_INDOOR,Type 1 - Extracting,Peter Breyer,info@breyerscannabis.com
OCM-MICR-24-000079,Adult-Use Microbusiness License,OCMMICR,Active,LICACT,4/12/2024 0:00,4/12/2024 0:00,4/12/2026 0:00,OCMMICR-2023-000312,Yager Farms Inc,,,,,,Erie,Western NY,,Active,Adult-Use Cultivation,MICROBUS_COMBINATION,Type 1 - Extracting,Michael Yager,mtyager@hotmail.com
OCM-MICR-24-000086,Adult-Use Microbusiness License,OCMMICR,Active,LICACT,4/11/2024 0:00,4/11/2024 0:00,4/11/2026 0:00,OCMMICR-2023-000017,Buzzsaw Cannabis Company LLC,,,,,,Orange,Mid-Hudson,,Active,"Adult-Use Cultivation, Adult-Use Processing, Adult-Use Distribution",MICROBUS_MIXED,Type 1 - Extracting,Darren White,info@buzzsawcannabis.com
OCM-MICR-24-000042,Adult-Use Microbusiness License,OCMMICR,Active,LICACT,4/8/2024 0:00,4/8/2024 0:00,4/8/2026 0:00,OCMMICR-2023-000567,Hi Intentions L.L.C.,,,,,,Kings,Brooklyn,,Active,"Adult-Use Cultivation, Adult-Use Processing",MICROBUS_OUTDOOR,Type 1 - Extracting,Donald Harrison,dh.hi.intentions@gmail.com
OCM-MICR-24-000045,Adult-Use Microbusiness License,OCMMICR,Active,LICACT,4/8/2024 0:00,4/8/2024 0:00,4/8/2026 0:00,OCMMICR-2023-000541,Lily's EDEN GARDEN FARMS Corporation,1821 Waterman Rd,,Delhi,NY,13753,Delaware,Southern Tier,Lilysedengardenfarms.com,Non-Operational,"Adult-Use Cultivation, Adult-Use Processing, Adult-Use Distribution, Adult-Use Retail Sales",MICROBUS_MIXED,"Infusing and Blending; and Packaging, Labeling and Branding",Lily Schwartz,flower@lilysedengardenfarms.com
OCM-MICR-24-000030,Adult-Use Microbusiness License,OCMMICR,Active,LICACT,3/28/2024 0:00,3/28/2024 0:00,3/28/2026 0:00,OCMMICR-2023-000330,Gaea Design and Management LLC,13424 Northern Blvd,,Flushing,NY,11354,Queens,Queens,,Active,"Adult-Use Cultivation, Adult-Use Processing, Adult-Use Distribution, Adult-Use Retail Sales",MICROBUS_INDOOR,"Infusing and Blending; and Packaging, Labeling and Branding",Charles Raffa,gaeamgmt@gmail.com
OCM-MICR-24-000026,Adult-Use Microbusiness License,OCMMICR,Active,LICACT,3/28/2024 0:00,3/28/2024 0:00,3/28/2026 0:00,OCMMICR-2023-000102,Karabina Consulting,420 East Conesville Road,,Gilboa,NY,12076,Schoharie,Mohawk Valley,www.oktogrow.com,Non-Operational,"Adult-Use Cultivation, Adult-Use Processing, Adult-Use Distribution, Adult-Use Retail Sales",MICROBUS_OUTDOOR,Type 1 - Extracting,Frederick Ruckel,fred@rucksackny.com
OCM-MICR-24-000013,Adult-Use Microbusiness License,OCMMICR,Active,LICACT,3/3/2024 0:00,3/3/2024 0:00,3/3/2026 0:00,OCMMICR-2023-000203,"Foggy Hill Farms, LLC",,,,,,Genesee,Finger Lakes,,Active,"Adult-Use Cultivation, Adult-Use Distribution",MICROBUS_INDOOR,,Kirsten Barnstead,kbarnstead@invenergy.com
OCM-MICR-24-000014,Adult-Use Microbusiness License,OCMMICR,Active,LICACT,3/3/2024 0:00,3/3/2024 0:00,3/3/2026 0:00,OCMMICR-2023-000423,LivelyHarvestNY LLC,,,,,,Delaware,Southern Tier,,Active,"Adult-Use Cultivation, Adult-Use Processing, Adult-Use Distribution",MICROBUS_INDOOR,Type 2 - Infusing and Blending,Olivia Maliki,livelyharvest@protonmail.com
OCM-MICR-24-000012,Adult-Use Microbusiness License,OCMMICR,Active,LICACT,3/3/2024 0:00,3/3/2024 0:00,3/3/2026 0:00,OCMMICR-2023-000453,"Sunwalker Farms, Inc.",,,,,,Ontario,Finger Lakes,,Active,"Adult-Use Cultivation, Adult-Use Processing, Adult-Use Distribution",MICROBUS_MIXED,Type 1 - Extracting,Curteis Boshnack,info@sunwalkerfarms.com
OCM-MICR-24-000008,Adult-Use Microbusiness License,OCMMICR,Active,LICACT,2/28/2024 0:00,2/28/2024 0:00,2/28/2026 0:00,OCMMICR-2023-000401,Swamp Fog Farms Corp.,,,,,,Oswego,Central NY,www.swampfogfarms.com,Active,"Adult-Use Cultivation, Adult-Use Processing, Adult-Use Distribution",MICROBUS_COMBINATION,Type 1 - Extracting,Brian Searle,info@swampfogfarms.com
OCM-MICR-25-000292,Adult-Use Microbusiness License,OCMMICR,Active,LICACT,8/11/2025 0:00,8/11/2025 0:00,8/11/2027 0:00,OCMMICR-2023-000139,Bhavana Berries LLC,,,,,,Suffolk,Long Island,www.bhavanaberries.com,Active,"Adult-Use Cultivation, Adult-Use Processing, Adult-Use Distribution",MICROBUS_MIXED,"Extraction; Infusing and Blending; and Packaging, Labeling and Branding",James Harley,amoshe@bhavanaberries.com
OCM-MICR-25-000277,Adult-Use Microbusiness License,OCMMICR,Active,LICACT,7/1/2025 0:00,7/1/2025 0:00,7/1/2027 0:00,OCMMICR-2023-000313,Puff Plaza LLC,561 Broad St,,Waverly,NY,14892,Tioga,Southern Tier,,Non-Operational,"Adult-Use Cultivation, Adult-Use Processing, Adult-Use Distribution, Adult-Use Retail Sales",MICROBUS_INDOOR,Type 1 - Extracting,Joshua Cassidy,josh@joshcassidy.com
OCM-MICR-25-000265,Adult-Use Microbusiness License,OCMMICR,Active,LICACT,5/21/2025 0:00,5/21/2025 0:00,5/21/2027 0:00,OCMMICR-2023-000323,Patrick S Chesney,,,,,,Allegany,Western NY,www.cannalabs420.com,Non-Operational,Adult-Use Cultivation,MICROBUS_INDOOR,"Extraction; Infusing and Blending; and Packaging, Labeling and Branding",Patrick Chesney,teri@cannalabs420.com
OCM-MICR-25-000243,Adult-Use Microbusiness License,OCMMICR,Active,LICACT,4/16/2025 0:00,4/16/2025 0:00,4/16/2027 0:00,OCMMICR-2023-000528,Excelsior Legacy LLC,,,,,,Kings,Brooklyn,,Non-Operational,"Adult-Use Cultivation, Adult-Use Processing, Adult-Use Distribution",MICROBUS_INDOOR,"Extraction; Infusing and Blending; and Packaging, Labeling and Branding",Christian Torres,excelsiorcannabisclub@gmail.com
OCM-PROC-25-000275,Adult-Use Processor License,OCMPROC,Active,LICACT,3/25/2025 0:00,3/25/2025 0:00,3/25/2027 0:00,OCMPROC-2023-000257,"Red Eye Foods and Distributors, LLC",,,,,,Rockland,Mid-Hudson,www.redeyefoods.com,Active,Adult-Use Processing,,Type 2 - Infusing and Blending,Alissa Schurr,alissa@schurrlegal.com; Alissa@reiterlawfirm.com  
OCM-PROC-25-000273,Adult-Use Processor License,OCMPROC,Active,LICACT,3/21/2025 0:00,3/21/2025 0:00,3/21/2027 0:00,OCMPROC-2023-000217,"Gnome Nugs, LLC",,,,,,Suffolk,Long Island,,Active,Adult-Use Processing,,Type 2 - Infusing and Blending,Christine Apple,kkowitz@eatgron.com
OCM-MICR-25-000226,Adult-Use Microbusiness License,OCMMICR,Active,LICACT,2/19/2025 0:00,2/19/2025 0:00,2/19/2027 0:00,OCMMICR-2023-000601,"JNY GROUP, LLC",1 Messerole Ave,,Brooklyn,NY,11222,Kings,Brooklyn,,Non-Operational,"Adult-Use Cultivation, Adult-Use Processing, Adult-Use Distribution, Adult-Use Retail Sales",MICROBUS_INDOOR,Type 1 - Extracting,Frank Lopa,lopa.frank@gmail.com; frank.lopa@priyanaturals.com
OCM-MICR-25-000222,Adult-Use Microbusiness License,OCMMICR,Active,LICACT,1/15/2025 0:00,1/15/2025 0:00,1/15/2027 0:00,OCMMICR-2023-000005,"Twin Acres Estates, Inc.",8890 Thompson Rd,,Holland Patent,NY,13354,Oneida,Mohawk Valley,twinacresestatesinc.com,Non-Operational,"Adult-Use Cultivation, Adult-Use Processing, Adult-Use Distribution, Adult-Use Retail Sales",MICROBUS_OUTDOOR,Type 2 - Infusing and Blending,Brooke Andresen,TwinAcresEstates@outlook.com
OCM-PROC-24-000231,Adult-Use Processor License,OCMPROC,Active,LICACT,12/12/2024 0:00,12/12/2024 0:00,12/12/2026 0:00,OCMPROC-2023-000107,Marvela Industries Inc,,,,,,Suffolk,Long Island,,Non-Operational,Adult-Use Processing,,"Infusing and Blending; and Packaging, Labeling and Branding",Antonella Velaoras,nella@ervaherb.com
OCM-PROC-24-000134,Adult-Use Processor License,OCMPROC,Active,LICACT,10/15/2024 0:00,10/15/2024 0:00,10/15/2026 0:00,OCMPROC-2023-000054,Cannacure NY INC,,,,,,Queens,Queens,,Active,Adult-Use Processing,,Type 2 - Infusing and Blending,Kwok Wu ,andywu910@gmail.com
OCM-PROC-24-000128,Adult-Use Processor License,OCMPROC,Active,LICACT,10/10/2024 0:00,10/10/2024 0:00,10/10/2026 0:00,OCMPROC-2024-000025,"Nutriponics, LLC",,,,,,Delaware,Southern Tier,,Active,Adult-Use Processing,,Type 1 - Extracting,Tak Sato,support@stiiizy.com
OCM-PROC-24-000118,Adult-Use Processor License,OCMPROC,Active,LICACT,9/26/2024 0:00,9/26/2024 0:00,9/26/2026 0:00,OCMPROC-2023-000509,MacGowan Ventures LLC,,,,,,Saratoga,Capital District,,Active,Adult-Use Processing,,Type 1 - Extracting,Matthew Gavigan,mattgavigan@msn.com; mpgavigan@gmail.com; mgavigan@skymintbrands.com
OCM-MICR-24-000099,Adult-Use Microbusiness License,OCMMICR,Active,LICACT,6/21/2024 0:00,6/21/2024 0:00,6/21/2026 0:00,OCMMICR-2023-000559,INDOGRO LLC,,,,,,Kings,Brooklyn,,Active,"Adult-Use Cultivation, Adult-Use Processing, Adult-Use Distribution",MICROBUS_INDOOR,Type 1 - Extracting,Alexis Mena,alexismena@popstar.com; amena718@erols.com
OCM-MICR-24-000047,Adult-Use Microbusiness License,OCMMICR,Active,LICACT,4/8/2024 0:00,4/8/2024 0:00,4/8/2026 0:00,OCMMICR-2023-000424,Oasis Cannabis LLC,,,,,,Niagara,Western NY,,Active,"Adult-Use Cultivation, Adult-Use Processing, Adult-Use Distribution",MICROBUS_INDOOR,Type 1 - Extracting,Joseph Irizarri,irizarrijr@gmail.com
OCM-MICR-24-000016,Adult-Use Microbusiness License,OCMMICR,Active,LICACT,3/3/2024 0:00,3/3/2024 0:00,3/3/2026 0:00,OCMMICR-2023-000125,Blue Niagara Farm LLC,,,,,,Niagara,Western NY,blueniagarafarm.com,Active,"Adult-Use Cultivation, Adult-Use Distribution",MICROBUS_INDOOR,,Debra Wrazin,debrapicone@yahoo.com; bludolp25@aol.com; debi6635@localnet.com